,C,C_stderr,D,F,F_stderr,a,chisq,fit,lambdaem,lambdaex,n,r0,r0_stderr,tf,tf_stderr,v,w0,w0_stderr,wxy,wxy_stderr,wz,wz_stderr
0,3.20587825758,0.0747625441339,404.98,,,,320.748391204,fcs,,,,,,,,2.06825341662,,,0.380152134029,0.00105672961094,2.5701831722,0.0677728808123
1,3.2058768066,0.0,404.98,0.02,0.0,,320.748391199,fcs_t,,,,,,1e-09,0.0,2.06825341662,,,0.380152152295,0.0,2.57018423424,0.0
2,2.58706877537,0.0318372984379,404.98,,,0.652,219.720934527,fcs_n,0.657,0.633,1.33,0.147552500562,0.00183871578009,,,2.53956417761,0.33160741498,0.00199828990867,,,,
3,2.65865123047,0.0300978218089,404.98,0.0466737928434,0.00635196610636,0.652,146.644293344,fcs_nt,0.657,0.633,1.33,0.142904439799,0.00173914081582,3.66102151963e-06,9.17177308257e-07,2.49848416064,0.339733381607,0.00225256714476,,,,
4,1.79660862981,0.0186723073805,404.98,,,0.652,199.460952766,fcs_nr,0.657,0.633,1.33,0.194454147457,0.00196838513033,,,2.36230104635,0.318640010195,0.00205161888816,,,,
5,1.83283463215,0.0169555582999,404.98,0.0449843344661,0.00703718921007,0.652,141.883724109,fcs_ntr,0.657,0.633,1.33,0.190125887199,0.00181094827799,2.90615518043e-06,8.00347271013e-07,2.33639659275,0.325916042098,0.00220994712687,,,,
