,C_BR01562,C_BR03125,C_BR06250,D,a,chisq,color,lambdaem,lambdaex,n,r0,r0_stderr,redchi,slope,slope_stderr,v,w0,w0_stderr
0,0.8,1.6,3.2,404.98,0.652,616.396590934,R,0.657,0.633,1.33,0.189203465462,0.00470697997072,1.46761093079,1.18660009362,0.0277841259596,2.16956644604,0.317223093511,0.00511793636469
