,C_BR00781,C_BR01562,C_BR03125,C_BR06250,D,F,F_stderr,color,tf,tf_stderr,v,wxy,wxy_stderr,wz,wz_stderr
0,0.8289059999999999,1.6578119999999998,3.315625,6.63125,419.01,0.1376049472654723,0.00779419115539717,B,6.224468391292959e-06,7.813548749752609e-07,1.584407254711329,0.3192786310818809,0.0015444701290020157,2.791272955839141,0.012298918318179902
