,C_BR00781,C_BR01562,C_BR03125,C_BR06250,D,color,v,wxy,wxy_stderr,wz,wz_stderr
0,0.8289059999999999,1.6578119999999998,3.315625,6.63125,419.01,B,1.5044127600625399,0.30643032765910383,0.0010217261063139105,2.8772573501529766,0.011653084693463121
