,C_BR00781,C_BR01562,C_BR03125,D,color,v,wxy,wxy_stderr,wz,wz_stderr
0,0.8125,1.625,3.25,400.7,R,3.06604890412763,0.40323488139941593,0.002057776355975297,3.386398648517003,0.022116118841286357
