,C_BR00781,C_BR01562,C_BR03125,D,F,F_stderr,color,tf,tf_stderr,v,wxy,wxy_stderr,wz,wz_stderr
0,0.8125,1.625,3.25,400.7,0.03266397903109088,0.044354796339107425,R,1.089715083390077e-06,2.2311147526929545e-06,3.0708541082013308,0.4037871345571761,0.0022090845452157263,3.382434695675642,0.02283401116389501
