,C_BO01562,C_BO03125,D,F,F_stderr,chisq,color,redchi,slope,tf,tf_stderr,v,wxy,wxy_stderr,wz,wz_stderr
0,2.298567298,4.598606151,389.4,0.0970663216563,0.0205334401498,116.652767604,B,0.419614271957,1.0,4.15108967219e-06,1.82553268885e-06,1.20204106503,0.260501853724,0.00257946720657,3.1810673154,0.0279918411095
