,C_BR01562,C_BR03125,D,chisq,color,redchi,slope,slope_stderr,v,wxy,wxy_stderr,wz,wz_stderr
0,1.7,3.4,389.4,124.219374547,B,0.445230733142,1.17905539003,0.125332346032,1.33352278706,0.253264634672,0.00178363699821,3.73358920382,0.415545646825
