,C_BR01562,C_BR03125,D,chisq,color,redchi,slope,v,wxy,wxy_stderr,wz,wz_stderr
0,2.386967407,4.775462963,389.4,126.113037136,B,0.450403704059,1.0,1.12343703532,0.254869521007,0.0016232270644,3.1059046735,0.0232777027853
