,C_BR01562,C_BR03125,D,chisq,color,redchi,slope,v,wxy,wxy_stderr,wz,wz_stderr
0,2.298567298,4.598606151,389.4,125.581743826,B,0.448506227951,1.0,1.16571373053,0.254486182412,0.0016116417855,3.23250115823,0.0240451802833
