,C_BR01562,C_BR03125,D,F,F_stderr,chisq,color,redchi,slope,tf,tf_stderr,v,wxy,wxy_stderr,wz,wz_stderr
0,2.386967407,4.775462963,389.4,0.0984730225639,0.0202227074374,116.790964767,B,0.420111384055,1.0,4.32993702233e-06,1.86260666668e-06,1.16022288218,0.261208103391,0.00264181723808,3.05381923182,0.0272774752839
