,C_BR01562,C_BR03125,D,F,F_stderr,chisq,color,redchi,slope,slope_stderr,tf,tf_stderr,v,wxy,wxy_stderr,wz,wz_stderr
0,1.7,3.4,389.4,0.0962202052491,0.0209423267175,116.019088538,B,0.418841474868,1.31989883857,0.122113405865,4.0473913609e-06,1.84284195631e-06,1.22983507589,0.260080775351,0.00297530314477,3.26516824269,0.325549105517
