,C_BR01562,C_BR03125,D,F,F_stderr,chisq,color,redchi,slope,tf,tf_stderr,v,wxy,wxy_stderr,wz,wz_stderr
0,2.298567298,4.598606151,389.4,0.0970642792034,0.0205345638924,116.651896115,B,0.419611137105,1.0,4.15073126953e-06,1.82544921082e-06,1.20203861837,0.260501640661,0.00257938302808,3.18106604414,0.0279917053521
