,C_BO01562,C_BO03125,D,chisq,color,redchi,slope,v,wxy,wxy_stderr,wz,wz_stderr
0,2.298567298,4.598606151,389.4,125.583508493,B,0.448512530332,1.0,1.1657125331,0.254485833092,0.00161165133524,3.23250671195,0.0240450407547
