,C_BR01562,C_BR03125,D,F,F_stderr,a,chisq,color,lambdaem,lambdaex,n,r0,r0_stderr,redchi,slope,slope_stderr,tf,tf_stderr,v,w0,w0_stderr
0,1.7,3.4,389.4,0.0559147529301,0.0343852581388,0.522,119.925536882,B,0.519,0.488,1.33,0.123873098334,0.00335528805738,0.432944176469,1.49267394458,0.0500429092239,1.67670303197e-06,1.9209237776e-06,1.0328038259,0.197169153568,0.00594503158321
