,C_BR01562,C_BR03125,D,a,chisq,color,lambdaem,lambdaex,n,r0,r0_stderr,redchi,slope,slope_stderr,v,w0,w0_stderr
0,1.7,3.4,389.4,0.522,121.274941665,B,0.519,0.488,1.33,0.125412766615,0.00301131474152,0.434677210268,1.46937817988,0.0448763817047,1.03484099576,0.192294989366,0.00402043586753
