,C_BR01562,C_BR03125,D,F,F_stderr,a,chisq,color,lambdaem,lambdaex,n,r0,r0_stderr,redchi,slope,slope_stderr,tf,tf_stderr,v,w0,w0_stderr
0,1.7,3.4,389.4,0.0559147630662,0.0343852619044,0.522,119.925536882,B,0.519,0.488,1.33,0.123873082526,0.003355288722,0.432944176469,1.49267417937,0.0500429185182,1.67670704074e-06,1.92092618956e-06,1.0328037188,0.197169179703,0.00594503184012
