,C_BR01562,C_BR03125,D,a,chisq,color,lambdaem,lambdaex,n,r0,r0_stderr,redchi,slope,v,w0,w0_stderr
0,2.298567298,4.598606151,389.4,0.522,149.856133524,B,0.519,0.488,1.33,0.176219185474,0.000572234352023,0.535200476871,1.0,1.09214722157,0.165661263507,0.00284119542219
