,C_BR01562,C_BR03125,D,a,chisq,color,lambdaem,lambdaex,n,r0,r0_stderr,redchi,slope,v,w0,w0_stderr
0,2.386967407,4.775462963,389.4,0.522,122.841310655,B,0.519,0.488,1.33,0.129852822901,0.000332299629501,0.438718966625,1.0,1.07712186454,0.187994308088,0.00269068160764
