,C_BR01562,C_BR03125,D,a,chisq,color,lambdaem,lambdaex,n,r0,r0_stderr,redchi,slope,v,w0,w0_stderr
0,2.386967407,4.775462963,389.4,0.522,141.113920079,B,0.519,0.488,1.33,0.172011116139,0.000513658496903,0.503978285996,1.0,1.05588007132,0.168470948335,0.00281720773563
