,C_BR01562,C_BR03125,D,F,F_stderr,a,chisq,color,lambdaem,lambdaex,n,r0,r0_stderr,redchi,slope,tf,tf_stderr,v,w0,w0_stderr
0,2.298567298,4.598606151,389.4,0.0495013746907,0.0616570018517,0.522,124.599865324,B,0.519,0.488,1.33,0.133613148657,0.000343627739663,0.448200954402,1.0,6.87209601341e-07,1.28440407423e-06,1.11903067902,0.185827393671,0.00320434289828
