,C_BR01562,C_BR03125,D,F,F_stderr,a,chisq,color,lambdaem,lambdaex,n,r0,r0_stderr,redchi,slope,tf,tf_stderr,v,w0,w0_stderr
0,2.298567298,4.598606151,389.4,0.0194798156968,0.131934683718,0.522,149.820933588,B,0.519,0.488,1.33,0.176267559183,0.000640330901601,0.538924221541,1.0,3.44136294664e-07,2.80139447298e-06,1.09324096126,0.165901612115,0.00319955919057
