,C_BO01562,C_BO03125,D,F,F_stderr,a,chisq,color,lambdaem,lambdaex,n,r0,r0_stderr,redchi,slope,tf,tf_stderr,v,w0,w0_stderr
0,2.298567298,4.598606151,389.4,0.0493725068946,0.0617915850325,0.522,124.600528419,B,0.519,0.488,1.33,0.133613339646,0.000343527621534,0.448203339638,1.0,6.90652712122e-07,1.28300774961e-06,1.11904202551,0.185829839175,0.00320054846689
