,C_BR01562,C_BR03125,D,F,F_stderr,a,chisq,color,lambdaem,lambdaex,n,r0,r0_stderr,redchi,slope,slope_stderr,tf,tf_stderr,v,w0,w0_stderr
0,1.7,3.4,389.4,0.050464418829,0.0460421959966,0.522,123.637380426,B,0.519,0.488,1.33,0.153857850277,0.00312583510724,0.446344333666,1.65884653665,0.0470934215168,1.05036545872e-06,1.62694251462e-06,0.918551699383,0.185257552626,0.00534606173743
