,C_BO01562,C_BO03125,D,a,chisq,color,lambdaem,lambdaex,n,r0,r0_stderr,redchi,slope,v,w0,w0_stderr
0,2.637921408,5.275842816,389.4,0.522,122.607804714,B,0.519,0.488,1.33,0.120068828894,0.000371187638891,0.437885016835,1.0,0.986272120178,0.197734504187,0.00277291319333
