,C_BR01562,C_BR03125,D,a,chisq,color,lambdaem,lambdaex,n,r0,r0_stderr,redchi,slope,v,w0,w0_stderr
0,2.298567298,4.598606151,389.4,0.522,125.145444793,B,0.519,0.488,1.33,0.133555390348,0.000331159700562,0.446948017116,1.0,1.11375262147,0.184568332185,0.00267980653359
