,C_BR01562,C_BR03125,D,a,chisq,color,lambdaem,lambdaex,n,r0,r0_stderr,redchi,slope,slope_stderr,v,w0,w0_stderr
0,1.7,3.4,389.4,0.522,121.274941665,B,0.519,0.488,1.33,0.125412776789,0.00301131549647,0.434677210268,1.46937802937,0.0448763999744,1.03484108463,0.19229497762,0.00402043711477
