,C_BR01562,C_BR03125,D,F,F_stderr,a,chisq,color,lambdaem,lambdaex,n,r0,r0_stderr,redchi,slope,tf,tf_stderr,v,w0,w0_stderr
0,2.386967407,4.775462963,389.4,0.0519402880855,0.0495644492879,0.522,122.04317084,B,0.519,0.488,1.33,0.129902328202,0.000343006377616,0.439004211656,1.0,9.2397272401e-07,1.40423156584e-06,1.08420697667,0.189777502091,0.00336551136999
