,C_BO01562,C_BO03125,D,F,F_stderr,a,chisq,color,lambdaem,lambdaex,n,r0,r0_stderr,redchi,slope,tf,tf_stderr,v,w0,w0_stderr
0,2.637921408,5.275842816,389.4,0.0448766941857,0.0703822727859,0.522,126.20413809,B,0.519,0.488,1.33,0.16113773274,0.000444060133988,0.453971719747,1.0,5.92263520998e-07,1.33916839058e-06,0.970276984347,0.177814550327,0.00338107195018
