,C_BR01562,C_BR03125,D,a,chisq,color,lambdaem,lambdaex,n,r0,r0_stderr,redchi,slope,slope_stderr,v,w0,w0_stderr
0,1.7,3.4,389.4,0.522,124.414274408,B,0.519,0.488,1.33,0.154567241405,0.0029561283186,0.445929298953,1.6460457385,0.0441207664961,0.917556511586,0.182265181137,0.0039391486532
