,C_BR01562,C_BR03125,D,F,F_stderr,a,chisq,color,lambdaem,lambdaex,n,r0,r0_stderr,redchi,slope,tf,tf_stderr,v,w0,w0_stderr
0,2.386967407,4.775462963,389.4,0.0273881760921,0.110241068415,0.522,141.030312034,B,0.519,0.488,1.33,0.172081119303,0.000575484361249,0.507303280699,1.0,3.91823110054e-07,1.98000995244e-06,1.05759296507,0.168871776809,0.00321090809755
