,C_BO01562,C_BO03125,D,a,chisq,color,lambdaem,lambdaex,n,r0,r0_stderr,redchi,slope,v,w0,w0_stderr
0,2.298567298,4.598606151,389.4,0.522,149.856566088,B,0.519,0.488,1.33,0.1762183255,0.000571971009624,0.535202021743,1.0,1.09213019778,0.165657965989,0.0028411308554
