,C_BR01562,C_BR03125,C_BR06250,D,F,F_stderr,chisq,color,redchi,slope,tf,tf_stderr,v,wxy,wxy_stderr,wz,wz_stderr
0,1.312881026,2.626602564,5.253205128,404.98,0.0495246261604,0.0210310955662,647.04070558,R,1.54424989399,1.0,2.87639865357e-06,2.04516002543e-06,2.39083374921,0.373836922152,0.0019290080144,3.07227568585,0.0181204651397
