,C_OR01562,C_OR03125,C_OR06250,D,F,F_stderr,chisq,color,redchi,slope,tf,tf_stderr,v,wxy,wxy_stderr,wz,wz_stderr
0,1.312881026,2.626602564,5.253205128,404.98,0.0495266733647,0.0210326451543,647.063433662,R,1.54430413762,1.0,2.87583355025e-06,2.04484734665e-06,2.39083188998,0.373837067966,0.00192894433151,3.07227090004,0.0181200619892
