,C_OR01562,C_OR03125,C_OR06250,D,chisq,color,redchi,slope,v,wxy,wxy_stderr,wz,wz_stderr
0,1.136463775,2.27365512,4.54731024,404.98,698.859816252,R,1.65999956355,1.0,2.73413716976,0.368802957595,0.0015757658888,3.60999582465,0.0194855693533
