,C_BR01562,C_BR03125,C_BR06250,D,chisq,color,redchi,slope,v,wxy,wxy_stderr,wz,wz_stderr
0,1.312881026,2.626602564,5.253205128,404.98,659.577522776,R,1.56669245315,1.0,2.37488947844,0.371697095404,0.00157380182899,3.08702580387,0.0166617939838
