,C_BR01562,C_BR03125,C_BR06250,D,chisq,color,redchi,slope,slope_stderr,v,wxy,wxy_stderr,wz,wz_stderr
0,0.8,1.6,3.2,404.98,633.840684745,R,1.50914448749,2.00223329795,0.0869269352905,1.95849534712,0.377019314832,0.00212246125903,2.47440358037,0.122556049923
