,C_BR01562,C_BR03125,C_BR06250,D,F,F_stderr,chisq,color,redchi,slope,tf,tf_stderr,v,wxy,wxy_stderr,wz,wz_stderr
0,1.312881026,2.626602564,5.253205128,404.98,0.0495245419003,0.0210310744348,647.040705578,R,1.54424989398,1.0,2.87640527472e-06,2.04515958426e-06,2.39083375494,0.373836922939,0.00192900775195,3.07227568028,0.018120463358
