,C_OR01562,C_OR03125,C_OR06250,D,chisq,color,redchi,slope,v,wxy,wxy_stderr,wz,wz_stderr
0,1.304,2.608,5.217,404.98,663.615135751,R,1.57628298278,1.0,2.39104028455,0.371543365698,0.00157625516096,3.11059208326,0.0168135973218
