,C_BR01562,C_BR03125,C_BR06250,D,F,F_stderr,chisq,color,redchi,slope,slope_stderr,tf,tf_stderr,v,wxy,wxy_stderr,wz,wz_stderr
0,0.8,1.6,3.2,404.98,0.0539416218372,0.0129726819465,610.205068788,R,1.45982073873,2.11334801119,0.0921522414368,8.64875999684e-06,4.38762857945e-06,1.89427289041,0.385023978547,0.0039317805721,2.29478593929,0.121940195121
