,C_OR01562,C_OR03125,C_OR06250,D,F,F_stderr,chisq,color,redchi,slope,tf,tf_stderr,v,wxy,wxy_stderr,wz,wz_stderr
0,1.304,2.608,5.217,404.98,0.0494544467345,0.0212954720829,651.276863542,R,1.55436005619,1.0,2.82663534849e-06,2.03231695974e-06,2.40680570894,0.373642774094,0.0019259343139,3.09601494398,0.0182603273789
