,C_BR01562,C_BR03125,C_BR06250,D,F,F_stderr,a,chisq,color,lambdaem,lambdaex,n,r0,r0_stderr,redchi,slope,slope_stderr,tf,tf_stderr,v,w0,w0_stderr
0,0.8,1.6,3.2,404.98,0.0463036620893,0.0201081151961,0.652,606.87391378,R,0.657,0.633,1.33,0.184661966986,0.00553001439666,1.45185146837,1.20988506966,0.0320930725195,3.01766851544e-06,2.36522553419e-06,2.14731699666,0.325078830635,0.00690613312941
