,C_BR01562,C_BR03125,C_BR06250,D,a,chisq,color,lambdaem,lambdaex,n,r0,r0_stderr,redchi,slope,slope_stderr,v,w0,w0_stderr
0,0.8,1.6,3.2,404.98,0.652,616.39649835,R,0.657,0.633,1.33,0.189162930412,0.00479886870824,1.46761071036,1.78741099547,0.0445377041997,2.1691645468,0.317262589905,0.00514246215782
