,C_BR01562,C_BR03125,C_BR06250,D,F,F_stderr,a,chisq,color,lambdaem,lambdaex,n,r0,r0_stderr,redchi,slope,slope_stderr,tf,tf_stderr,v,w0,w0_stderr
0,0.8,1.6,3.2,404.98,0.0478593623926,0.0176895683624,0.652,607.691363187,R,0.657,0.633,1.33,0.13827369738,0.00487591199387,1.45380708896,1.73126511377,0.052746198688,3.91404865879e-06,2.72858369586e-06,2.273101778,0.339094258337,0.00660509887142
