,C_OR01562,C_OR03125,C_OR06250,D,F,F_stderr,a,chisq,color,lambdaem,lambdaex,n,r0,r0_stderr,redchi,slope,tf,tf_stderr,v,w0,w0_stderr
0,1.304,2.608,5.217,404.98,0.0404325265455,0.0346619528541,0.652,635.741172867,R,0.657,0.633,1.33,0.206547006369,0.000626180943541,1.51728203548,1.0,1.22931002853e-06,1.57369114229e-06,2.36622083601,0.303418781791,0.00324253001821
