,C_BR01562,C_BR03125,C_BR06250,D,F,F_stderr,a,chisq,color,lambdaem,lambdaex,n,r0,r0_stderr,redchi,slope,tf,tf_stderr,v,w0,w0_stderr
0,1.312881026,2.626602564,5.253205128,404.98,0.0460583624197,0.0225528151355,0.652,612.021913073,R,0.657,0.633,1.33,0.146744741222,0.000641034135262,1.46067282356,1.0,2.4256153883e-06,1.97586504036e-06,2.37860088254,0.329456546878,0.00312958392921
