,C_OR01562,C_OR03125,C_OR06250,D,a,chisq,color,lambdaem,lambdaex,n,r0,r0_stderr,redchi,slope,v,w0,w0_stderr
0,1.136463775,2.27365512,4.54731024,404.98,0.652,679.169001467,R,0.657,0.633,1.33,0.169889580773,0.000530969714491,1.61322803199,1.0,2.69885164984,0.305837164621,0.00262364152459
