,C_OR01562,C_OR03125,C_OR06250,D,F,F_stderr,a,chisq,color,lambdaem,lambdaex,n,r0,r0_stderr,redchi,slope,tf,tf_stderr,v,w0,w0_stderr
0,1.304,2.608,5.217,404.98,0.0458086101447,0.0232947872258,0.652,615.722165719,R,0.657,0.633,1.33,0.147848033383,0.000636331566431,1.46950397546,1.0,2.30013031807e-06,1.92891552409e-06,2.39309359601,0.328280752994,0.00310920792296
