,C_BR01562,C_BR03125,C_BR06250,D,a,chisq,color,lambdaem,lambdaex,n,r0,r0_stderr,redchi,slope,v,w0,w0_stderr
0,1.312881026,2.626602564,5.253205128,404.98,0.652,620.994627488,R,0.657,0.633,1.33,0.147172022103,0.000582989053459,1.47504662111,1.0,2.3634129087,0.326396612669,0.00254344281858
