,C_OR01562,C_OR03125,C_OR06250,D,F,F_stderr,a,chisq,color,lambdaem,lambdaex,n,r0,r0_stderr,redchi,slope,tf,tf_stderr,v,w0,w0_stderr
0,1.312881026,2.626602564,5.253205128,404.98,0.0409565006802,0.033441366427,0.652,629.990900603,R,0.657,0.633,1.33,0.205211048948,0.000633922454279,1.50355823533,1.0,1.28227977608e-06,1.58824496401e-06,2.35170699959,0.304634656831,0.00325149831327
