,C_BR01562,C_BR03125,C_BR06250,D,a,chisq,color,lambdaem,lambdaex,n,r0,r0_stderr,redchi,slope,slope_stderr,v,w0,w0_stderr
0,0.8,1.6,3.2,404.98,0.652,619.770812649,R,0.657,0.633,1.33,0.143099637333,0.00424372037943,1.47564479202,1.68539917536,0.0461953576092,2.30667651832,0.330292601762,0.00475780985047
