,C_OR01562,C_OR03125,C_OR06250,D,a,chisq,color,lambdaem,lambdaex,n,r0,r0_stderr,redchi,slope,v,w0,w0_stderr
0,1.136463775,2.27365512,4.54731024,404.98,0.652,757.001702765,R,0.657,0.633,1.33,0.232695768702,0.000496196949719,1.79810380704,1.0,2.67297162969,0.281274556242,0.00294989618216
