,C_OR01562,C_OR03125,C_OR06250,D,F,F_stderr,a,chisq,color,lambdaem,lambdaex,n,r0,r0_stderr,redchi,slope,tf,tf_stderr,v,w0,w0_stderr
0,1.136463775,2.27365512,4.54731024,404.98,0.038368458079,0.0413982895021,0.652,676.431695658,R,0.657,0.633,1.33,0.169782493224,0.000549652846793,1.61439545503,1.0,9.91491747796e-07,1.52734019682e-06,2.70516029655,0.306916875675,0.00290289962847
