,C_BR01562,C_BR03125,C_BR06250,D,F,F_stderr,a,chisq,color,lambdaem,lambdaex,n,r0,r0_stderr,redchi,slope,tf,tf_stderr,v,w0,w0_stderr
0,1.312881026,2.626602564,5.253205128,404.98,0.040941417926,0.033458239714,0.652,629.966029883,R,0.657,0.633,1.33,0.205211459113,0.000633923133899,1.503498878,1.0,1.28329172942e-06,1.58755589467e-06,2.35170814878,0.304633767951,0.00325075626802
