,C_BR01562,C_BR03125,C_BR06250,D,a,chisq,color,lambdaem,lambdaex,n,r0,r0_stderr,redchi,slope,v,w0,w0_stderr
0,1.312881026,2.626602564,5.253205128,404.98,0.652,633.967558752,R,0.657,0.633,1.33,0.205392272232,0.000601545609727,1.50586118468,1.0,2.34370705217,0.302904919938,0.00283334936887
