,C_OR01562,C_OR03125,C_OR06250,D,a,chisq,color,lambdaem,lambdaex,n,r0,r0_stderr,redchi,slope,v,w0,w0_stderr
0,1.304,2.608,5.217,404.98,0.652,624.235369735,R,0.657,0.633,1.33,0.148248691659,0.000581495474267,1.48274434616,1.0,2.37859391099,0.32537992227,0.00254899382533
