,C_OR01562,C_OR03125,C_OR06250,D,a,chisq,color,lambdaem,lambdaex,n,r0,r0_stderr,redchi,slope,v,w0,w0_stderr
0,1.304,2.608,5.217,404.98,0.652,639.483474231,R,0.657,0.633,1.33,0.2067122393,0.000596525273094,1.51896312169,1.0,2.35858111902,0.301783503559,0.00284167657159
