,C_BR01562,C_BR03125,C_BR06250,D,F,F_stderr,a,chisq,color,lambdaem,lambdaex,n,r0,r0_stderr,redchi,slope,slope_stderr,tf,tf_stderr,v,w0,w0_stderr
0,0.8,1.6,3.2,404.98,0.0463148533153,0.0201353516343,0.652,606.873914873,R,0.657,0.633,1.33,0.184660251984,0.00552809405348,1.45185147099,1.8237723879,0.0503311455119,3.01585144308e-06,2.36102078429e-06,2.14729350598,0.32507947577,0.00690097565803
