,C_BR01562,C_BR03125,C_BR06250,D,F,F_stderr,a,chisq,color,lambdaem,lambdaex,n,r0,r0_stderr,redchi,slope,slope_stderr,tf,tf_stderr,v,w0,w0_stderr
0,0.8,1.6,3.2,404.98,0.0478593927917,0.0176895784733,0.652,607.691363179,R,0.657,0.633,1.33,0.138273681606,0.00487591307655,1.45380708894,1.7312652753,0.0527462044777,3.91405540434e-06,2.72859498814e-06,2.27310163049,0.339094282259,0.0066051034911
