,C_BR01562,C_BR03125,C_BR06250,D,F,F_stderr,a,chisq,color,lambdaem,lambdaex,n,r0,r0_stderr,redchi,slope,tf,tf_stderr,v,w0,w0_stderr
0,1.312881026,2.626602564,5.253205128,404.98,0.0409414465016,0.0334582897275,0.652,629.966029885,R,0.657,0.633,1.33,0.205211457544,0.000633922692169,1.50349887801,1.0,1.28329035869e-06,1.58755763368e-06,2.35170816622,0.304633774766,0.00325075209093
